,model_rmse,srnet_rmse,lime_rmse,maple_rmse
kkk1,1.461145281791687,0.3730503634796399,0.20980021120066053,0.14750768210636053
