,model_rmse,srnet_rmse,lime_rmse_0.1,maple_rmse_0.1,srnet_rmse_0.1,lime_rmse_0.25,maple_rmse_0.25,srnet_rmse_0.25
kkk1,1.4391812086105347,1.7541426420211792,0.21276882446061857,0.14500301094875273,0.539837899072852,0.23334068650058115,0.1616484941841311,0.5793791295699647
