{
    "model_test_rmse": 1.71660578250885,
    "srnet_valid_rmse": 0.019021347165107727,
    "lime_test_rmse": 0.17540163687349228,
    "maple_test_rmse": 0.017793242946933446,
    "srnet_rmse": 0.01827579687845826
}