{"model_rmse": 1.6896456480026245, "srnet_rmse": 2.2966582775115967, "lime_rmse_0.1": 0.17264957743045323, "maple_rmse_0.1": 0.019231590230546176, "srnet_rmse_0.1": 0.7577196705385797, "lime_rmse_0.25": 0.191237798563373, "maple_rmse_0.25": 0.08128787991691454, "srnet_rmse_0.25": 0.8621444013330946}