{
    "model_test_rmse": 1.429114818572998,
    "srnet_test_rmse": 0.36915358901023865,
    "lime_rmse": 0.20653594529600194,
    "maple_rmse": 0.1385826370146341,
    "srnet_rmse": 0.3629076272390041
}