{
    "model_rmse": 1.4391812086105347,
    "srnet_rmse": 1.7541426420211792,
    "lime_rmse_0.1": 0.21276882446061857,
    "maple_rmse_0.1": 0.14500301094875273,
    "srnet_rmse_0.1": 0.539837899072852,
    "lime_rmse_0.25": 0.23334068650058115,
    "maple_rmse_0.25": 0.1616484941841311,
    "srnet_rmse_0.25": 0.5793791295699647
}