{
    "model_test_rmse": 1.4417483806610107,
    "srnet_test_rmse": 0.36395707726478577,
    "lime_rmse": 0.20609889802911932,
    "maple_rmse": 0.13938016613238877,
    "srnet_rmse": 0.3629076272390041
}